ID,name,datetime,allbox,firstweekbox,firstdaybox,watchcount,comment_number,long_comment_number,short_avg_emotion,long_avg_score,score,tagscore,enviroment,isChinese,runtime,effect
10440138,侏罗纪世界,2015-06-10,141820.703,60555.801,10091.6,159647,93304,732,2.035,3.70694,7.7,8,8,0,124,5
10485647,X战警：逆转未来,2014-05-23,72293.297,24575.801,6608.5,38327,100910,695,3.72324,4.25823,8.2,11,5,0,132,7
10574468,北京遇上西雅图,2013-03-21,52013.0,7735.0,1011.9,10569,157529,2537,2.99564,2.65,7.3,5,2,1,123,6
10574622,人再囧途之泰囧,2012-12-12,127095.797,30849.699,3871.5,22543,184677,1981,3.80739,3.47692,7.5,2,7,1,105,12
10605978,私人订制,2013-12-19,71347.398,32436.0,7149.7,16741,83425,1584,1.25304,2.96701,5.8,2,2,1,118,10
10727641,碟中谍5：神秘国度,2015-09-08,86806.0,55198.801,10786.6,406056,74692,438,3.37799,3.98977,7.8,6,8,0,131,6
10741834,复仇者联盟2：奥创纪元,2015-05-12,146118.0,96420.398,18547.801,321146,120037,685,3.38907,3.61558,7.5,10,8,0,142,12
10807909,智取威虎山,2014-12-23,88334.297,32088.0,1707.2,40684,97516,1191,2.49528,3.824,7.7,10,3,1,143,9
10807916,白发魔女传之明月天国,2014-07-31,38904.602,22364.301,2568.2,41015,22275,411,1.38872,2.30789,3.8,10,6,1,103,5
11026735,超能陆战队,2015-02-28,52624.699,8544.8,3742.8,41328,179553,878,3.70718,3.92506,8.7,11,8,0,102,0
11502973,星际特工：千星之城,2017-08-25,40958.699,19355.0,5994.2,160306,56857,799,2.58813,3.46115,7.0,8,7,0,137,3
11529526,中国合伙人,2013-05-17,54052.0,10766.6,2465.9,15454,150897,3168,2.34632,3.82398,7.6,3,2,0,112,9
11589036,功夫熊猫3,2016-01-29,100053.797,33943.301,10707.8,336766,80872,726,3.77078,3.88354,7.7,8,14,0,95,1
11598977,叶问3,2016-03-04,76947.898,44230.5,14097.7,236121,35355,826,2.92291,3.56812,6.6,6,9,1,105,6
11606328,霍比特人2：史矛革之战,2014-02-21,46259.0,20328.4,5600.7,20393,74020,505,2.71146,4.1114,8.4,7,13,0,161,7
11610281,敢死队3,2014-09-01,45273.301,25801.699,4245.5,69642,26504,196,2.50013,3.42197,6.8,6,6,0,126,6
11620560,007：幽灵党,2015-11-13,54113.301,30792.1,9098.6,267812,48332,489,2.03426,3.02902,6.4,6,6,0,148,4
11624706,小黄人大眼萌,2015-09-13,43511.398,12097.0,11641.9,392845,60128,250,3.025,3.5,7.6,3,6,0,91,3
11625097,澳门风云,2014-01-31,52468.801,7321.5,2610.6,10856,38884,241,1.42194,3.1435,5.7,5,8,1,93,6
1292722,泰坦尼克号,1998-04-03,36000.0,,,143,328549,4065,4.24622,4.625,9.4,7,2,0,194,9
1578714,神奇女侠,2017-06-02,61014.301,26368.5,7401.7,122585,132053,1953,3.10355,3.66107,7.1,7,9,0,141,2
1652587,阿凡达,2010-01-04,133986.406,,,649,212221,4490,3.32519,4.28475,8.7,8,7,0,162,3
1652592,阿丽塔：战斗天使,2019-02-22,89692.5,43632.199,12614.5,172381,176948,2919,3.06098,3.57586,7.5,8,10,0,122,0
1866473,蚁人,2015-10-16,67035.398,27189.699,7588.6,265588,103876,396,3.79118,3.70946,7.7,8,5,0,117,3
1866479,复仇者联盟,2012-05-05,56826.898,11937.5,6348.8,399,159762,1145,3.96548,4.22945,8.2,10,7,0,142,12
1889243,星际穿越,2014-11-12,87697.703,26884.5,3340.7,111270,358946,5778,3.08969,3.99329,9.3,8,3,0,169,8
1907966,疯狂原始人,2013-04-20,39465.699,4016.6,2005.9,11241,159951,1041,4.29267,4.15878,8.7,5,4,0,98,6
1929463,少年派的奇幻漂流,2012-11-22,57288.301,10263.4,1129.1,6102,286420,7411,3.78157,4.41781,9.1,7,4,0,127,3
19899707,驯龙高手3,2019-03-01,36796.0,21923.1,5569.8,199916,69994,687,3.94308,3.85235,7.5,5,8,0,104,0
19944106,美人鱼,2016-02-08,339119.188,181991.594,27172.301,613749,219216,5612,2.10957,3.46102,6.7,7,9,1,93,8
20257326,极品飞车,2014-03-14,41153.801,13162.4,3617.1,17760,27604,253,2.6615,3.69737,7.2,10,3,0,130,3
20266753,警察故事2013,2013-12-24,53405.602,28150.301,6845.5,14520,29947,500,1.96562,3.29054,5.8,9,7,1,108,9
20326665,星球大战：原力觉醒,2016-01-09,82425.797,34766.199,19615.6,291102,60632,812,2.32015,3.55743,7.2,8,12,0,135,3
20376577,小时代,2013-06-27,48431.602,26848.301,7323.1,21240,130990,3920,0.558081,2.12838,4.8,8,4,1,116,9
20435622,环太平洋：雷霆再起,2018-03-23,63323.199,41157.898,13624.4,337907,68808,1226,1.27443,2.71329,5.5,8,10,0,111,3
20451290,新木乃伊,2017-06-09,62563.199,35973.398,12004.8,122805,41211,622,1.37524,2.41275,4.8,7,7,0,110,5
20471852,生化危机：终章,2017-02-24,110949.0,65416.898,21330.699,251371,67191,1068,2.19606,3.3311,6.5,3,14,0,106,3
2049435,超人：钢铁之躯,2013-06-20,39446.301,16211.8,3459.7,7780,60117,969,3.10422,3.61644,7.1,8,7,0,143,6
20495023,寻梦环游记,2017-11-24,123007.203,11869.4,1279.2,28395,365750,6807,4.13477,4.32886,9.1,5,6,0,105,6
20505982,寒战2,2016-07-08,67661.203,29852.301,9576.5,179848,63412,1104,2.34289,3.49495,7.1,9,11,1,110,7
20513061,京城81号,2014-07-18,41206.801,15824.7,4580.4,36817,31539,486,1.67013,2.90323,4.8,3,6,1,90,4
2063914,哥斯拉,2014-06-13,48125.199,23154.5,6583.1,31630,53473,586,1.78414,3.14138,6.5,9,3,0,123,4
2131940,魔兽,2016-06-08,146886.703,102809.703,25098.4,479894,85936,1626,2.38244,3.79863,7.7,7,6,0,124,1
21441132,爱丽丝梦游仙境2：镜中奇遇记,2016-05-27,38627.898,17703.0,4750.5,248677,41213,609,2.64045,3.55518,6.9,4,7,0,115,4
2146991,变形金刚2,2009-06-24,40366.102,,,131,52088,1398,,3.17114,7.7,6,5,0,150,5
2158490,正义联盟,2017-11-17,69058.297,34532.5,10075.9,176293,82654,1439,3.18777,3.07879,6.4,10,9,0,120,10
21817627,爱宠大机密,2016-08-02,38863.199,19431.5,3439.6,67203,67706,420,3.36886,3.72241,7.7,3,7,0,87,0
22266012,全球风暴,2017-10-27,43403.0,22609.4,6505.4,92251,28168,409,1.89911,3.11409,6.0,7,4,0,109,1
22939161,星际迷航3：超越星辰,2016-09-02,44026.102,20653.6,6229.7,222225,38927,407,3.14196,3.61745,7.4,8,7,0,122,2
2363876,007：大破天幕杀机,2013-01-21,37610.602,22077.801,3111.2,8652,70523,889,2.64323,3.71429,7.1,6,13,0,143,3
23761370,速度与激情7,2015-04-12,242312.797,39831.398,34594.398,252328,113163,1093,3.26405,4.11604,8.4,6,7,0,137,12
23788440,杀破狼2,2015-06-18,55966.398,26661.4,6491.3,80657,45610,503,3.40366,3.74828,7.4,9,7,1,120,9
24405378,王牌特工：特工学院,2015-03-27,48366.5,15400.0,3524.1,26000,154348,898,2.95327,4.00678,8.4,7,3,0,125,6
24529353,绝地逃亡,2016-07-21,88769.297,40645.602,9827.6,275810,28084,465,2.66503,3.16162,5.7,5,7,1,111,4
24733428,心灵奇旅,2020-12-25,37452.801,3617.1,448.3,19450,244546,4944,4.12275,4.05724,8.8,3,6,0,101,2
24736566,北京爱情故事,2014-02-14,40648.699,20443.1,10165.5,14230,45575,722,2.15063,3.07797,6.1,3,8,1,121,7
24750534,蝙蝠侠大战超人：正义黎明,2016-03-25,61826.0,37251.0,12065.0,341744,75423,1613,3.16936,3.79791,6.8,10,9,0,151,9
24751756,老炮儿,2015-12-24,90115.797,25310.5,5500.9,198900,194292,5703,3.15636,3.7449,7.6,6,3,1,137,7
24753477,蜘蛛侠：英雄归来,2017-09-08,77476.602,46277.602,13463.2,482982,120512,1173,4.13633,3.63265,7.4,8,9,0,133,5
24753810,战狼,2015-04-02,54467.102,20809.199,3723.3,67199,71417,1014,2.2838,3.24915,6.9,5,3,1,90,8
24773958,复仇者联盟3：无限战争,2018-05-11,239050.203,127224.0,38726.0,1146071,226193,3599,3.18469,4.04196,8.1,10,10,0,149,12
24827387,盗墓笔记,2016-08-05,100310.297,47816.199,16130.0,515691,65463,4539,0.940025,2.76667,4.8,7,7,1,123,6
24827406,九层妖塔,2015-09-30,68132.398,42250.699,9135.4,267851,63310,1023,0.791603,2.14478,4.4,6,3,1,115,3
24843198,同桌的你,2014-04-25,45557.102,10992.8,2563.0,24267,73064,1800,2.75,3.0034,5.9,6,3,1,98,7
24847340,小时代3：刺金时代,2014-07-17,52098.398,31537.199,10764.2,72152,62685,979,0.898728,2.8339,4.6,8,11,1,126,9
24847343,小时代4：灵魂尽头,2015-07-09,48468.699,36409.801,10697.7,258979,49573,754,1.77652,2.57288,4.9,5,11,1,116,9
24852545,爱情公寓,2018-08-10,55544.5,49116.801,30349.4,1544263,109482,3385,1.16199,1.73356,3.2,4,8,1,117,4
24879839,道士下山,2015-07-03,40009.301,23444.5,6029.4,69375,62857,1511,1.32045,2.80137,5.5,8,6,1,123,11
24879858,分手大师,2014-06-27,66508.602,15351.7,3960.6,46290,77260,568,1.48211,2.81661,5.1,5,3,1,116,9
25662327,火锅英雄,2016-04-01,36995.102,14076.5,3512.7,65170,90370,1289,2.72891,3.79461,7.2,6,4,1,98,6
25662329,疯狂动物城,2016-03-04,153189.906,15517.2,2242.6,72537,341944,3864,4.00833,4.47475,9.2,5,6,0,109,0
25662337,惊天魔盗团2,2016-06-24,63771.102,28776.9,8854.8,513937,67378,462,1.54619,3.33333,6.8,9,7,0,130,6
25710912,港囧,2015-09-25,161135.0,68258.297,19903.301,617005,106566,1786,2.32057,3.25175,5.7,2,7,1,114,10
25713420,钟馗伏魔：雪妖魔灵,2015-02-19,40628.102,19601.5,6296.8,53200,23061,365,1.73405,2.34138,4.3,8,8,1,118,5
25717233,心花路放,2014-09-30,116946.898,61206.898,10320.0,74532,121221,1863,2.12481,3.72542,7.2,5,3,1,118,9
25723583,英伦对决,2017-09-30,53982.398,14716.8,7264.6,114525,57096,939,3.57061,3.84014,7.0,6,4,0,113,8
25723907,捉妖记,2015-07-16,243619.0,66881.102,16247.9,204826,130437,1473,3.0542,3.68151,6.7,5,6,1,118,5
25726614,神奇动物在哪里,2016-11-25,59085.199,28313.1,7484.1,130686,145461,1616,2.83603,3.61224,7.8,7,6,0,133,2
25745752,左耳,2015-04-24,48442.0,19770.301,5514.0,82116,70474,1499,1.13728,3.07744,5.6,6,3,1,117,7
25765735,金刚狼3：殊死一战,2017-03-03,73008.398,34160.398,10335.3,85893,123770,2590,3.66094,4.21549,8.3,9,9,0,123,9
25769362,哆啦A梦：伴我同行,2015-05-28,52915.398,23846.301,2704.2,123310,72825,1136,4.15128,4.18836,8.0,4,7,0,95,2
25777636,奇幻森林,2016-04-15,97683.797,31825.6,7812.1,123410,71311,961,3.72367,3.76254,7.8,7,4,0,106,3
25779217,诛仙1,2019-09-13,40501.0,27317.199,14442.2,337146,303979,8009,1.03321,1.39932,4.4,6,5,1,101,3
25779218,匆匆那年,2014-12-05,58861.102,20692.5,5986.3,74203,76152,1882,1.54003,2.87838,5.6,3,3,1,119,7
25785314,爸爸去哪儿,2014-01-31,69651.398,25660.5,9431.6,15705,28389,270,2.10691,3.328,5.9,5,8,1,95,3
25786060,X战警：天启,2016-06-03,80091.0,38500.5,11153.6,559919,92846,874,3.06346,3.93898,7.7,10,9,0,144,6
25786077,末日崩塌,2015-06-02,62858.398,31846.6,3406.1,65386,40099,303,2.68939,3.47931,7.0,6,3,0,114,3
25797778,冰川时代5：星际碰撞,2016-08-23,44659.398,28504.801,5527.4,132089,22590,167,2.72093,3.46875,7.0,5,11,0,94,2
25801066,西游伏妖篇,2017-01-28,165207.203,58850.898,35448.699,212622,134614,5802,2.32614,3.31849,5.5,8,9,1,108,8
25805741,后会无期,2014-07-24,62874.898,29607.699,7237.9,70716,174817,7717,1.54177,3.58163,7.1,3,6,1,104,9
25808075,猩球崛起3：终极之战,2017-09-15,74050.297,40336.602,12390.3,414474,58204,1219,2.68541,3.45424,6.9,9,7,0,140,0
25812712,神偷奶爸3,2017-07-07,103790.602,44417.199,13781.9,250810,66101,421,3.21625,3.42667,6.8,5,13,0,90,0
25815034,湄公河行动,2016-09-30,118647.602,16540.801,3897.1,57731,178626,2334,3.83728,4.21405,8.0,9,4,1,124,8
25820460,美国队长3,2016-05-06,124396.5,62684.801,18084.199,567624,127432,1858,4.16858,4.24315,7.9,8,9,0,148,12
25821634,雷神3：诸神黄昏,2017-11-03,74370.797,36269.0,10599.6,218426,114981,972,3.52664,3.62712,7.4,7,9,0,130,8
25823277,三生三世十里桃花,2017-08-03,53500.602,42863.5,16963.4,811385,99928,5345,0.931599,2.44027,4.0,5,7,1,109,7
25823833,天将雄师,2015-02-19,73940.602,34383.301,11871.2,70220,30457,603,2.9868,3.35764,6.0,6,8,1,127,8
25824686,变形金刚5：最后的骑士,2017-06-23,155125.594,87180.203,28959.199,532878,79151,2472,0.973418,3.56747,4.9,6,9,0,155,6
25827963,西游记之孙悟空三打白骨精,2016-02-08,119853.602,76880.5,16632.9,207744,48770,1225,2.61218,3.57718,5.6,7,9,1,120,8
25829175,西游记女儿国,2018-02-16,72740.203,33149.301,16426.5,370255,54492,2976,2.17168,3.05172,4.4,7,10,1,116,7
25849049,超人总动员2,2018-06-22,35438.5,13720.6,3040.2,67501,65669,558,4.02952,4.10033,7.9,8,8,0,118,1
25858785,澳门风云2,2015-02-19,97104.203,27170.199,6360.8,53044,34425,225,1.74154,3.19159,5.5,5,11,0,110,9
25864085,火星救援,2015-11-25,58571.199,30965.9,5239.6,130885,134783,1298,2.83582,4.16216,8.5,8,3,0,144,3
25870084,重返20岁,2015-01-08,36497.199,12453.3,2202.5,49029,100729,1677,2.47741,3.83562,7.1,7,8,1,131,4
25882296,狄仁杰之四大天王,2018-07-27,60636.398,29670.1,11012.6,358309,89207,1223,2.42908,3.0604,6.1,10,8,1,132,7
25887288,冰雪奇缘2,2019-11-22,86076.602,37562.898,7407.1,204361,118481,1670,3.34911,3.19661,7.2,5,10,0,103,3
25890017,哥斯拉2：怪兽之王,2019-05-31,93739.898,46817.398,13555.0,325416,79043,952,1.60609,2.85959,6.3,9,8,0,132,2
25894431,星球大战外传：侠盗一号,2017-01-06,47718.602,22438.6,7166.7,100271,51695,871,3.08807,3.89456,7.3,8,14,0,134,3
25895276,煎饼侠,2015-07-17,116018.398,43052.301,13250.8,175432,95792,1128,2.84665,3.19655,5.8,2,6,1,113,6
25900945,美女与野兽,2017-03-17,59039.801,31007.801,8372.0,94274,110123,1825,3.15025,3.48829,7.2,5,4,0,129,3
25907124,姜子牙,2020-10-01,160296.406,103636.602,36147.699,1425171,206528,5817,3.04235,3.13043,6.8,6,11,1,110,0
25911694,摆渡人,2016-12-23,48255.699,28074.199,7942.0,203019,85859,3151,0.953535,2.70169,4.1,5,4,1,128,11
25937854,银河护卫队2,2017-05-05,68615.0,34280.898,9860.9,154543,123675,1007,3.56307,3.93857,8.0,8,9,0,136,6
25955779,忍者神龟2：破影而出,2016-07-02,39263.398,17011.6,9090.6,284659,20350,213,2.30808,3.30964,6.5,10,13,0,113,5
25964071,夏洛特烦恼,2015-09-30,144480.094,25763.199,2317.2,80510,218941,4082,3.40434,3.3064,7.7,5,3,1,104,9
25986662,疯狂的外星人,2019-02-05,221321.203,146176.906,41019.699,459801,215113,2581,2.14885,3.41216,6.4,5,10,1,116,9
26021055,栀子花开,2015-07-10,37837.699,25799.199,9615.7,174225,46714,955,2.53728,3.41077,4.4,3,6,1,107,5
26035290,悟空传,2017-07-13,69685.102,40193.602,10791.5,338817,83610,3206,2.11008,2.75932,5.1,8,7,1,123,6
26100958,复仇者联盟4：终局之战,2019-04-24,425012.812,223283.703,53774.102,1849927,314624,5875,3.93883,3.64068,8.5,13,10,0,181,12
26147417,神奇动物：格林德沃之罪,2018-11-16,39887.699,26081.6,8040.5,192794,135718,1200,2.2419,3.6314,7.1,4,7,0,134,5
26182910,功夫瑜伽,2017-01-28,174867.594,27189.9,13804.2,89920,59498,1168,2.11196,2.9094,4.9,7,9,1,108,4
26213252,惊奇队长,2019-03-08,103516.5,59826.102,21543.199,432611,152067,1476,3.30321,3.2047,6.9,8,7,0,124,9
26260853,速度与激情8,2017-04-14,267093.406,135202.5,41707.199,320713,96398,1324,2.15232,3.42475,7.0,6,9,0,136,9
26266072,谍影重重5,2016-08-23,44647.602,32795.0,7461.7,104682,53842,612,2.7165,3.65101,7.5,7,9,0,123,6
26266893,流浪地球,2019-02-05,468638.594,203168.0,19074.1,249887,663055,21831,2.69094,3.67474,7.8,6,10,1,125,9
26274910,奔跑吧！兄弟,2015-01-30,44270.0,23099.0,7981.7,49025,19771,168,0.945844,1.77124,3.5,2,8,1,88,9
26277313,西游记之大圣归来,2015-07-10,94291.5,8476.8,1776.0,53648,195553,5052,4.23532,3.95172,8.3,6,6,1,89,1
26280528,从你的全世界路过,2016-09-29,81333.703,31129.4,7409.8,240303,102611,3745,1.84262,3.08389,5.3,5,4,1,113,7
26284595,大话西游3,2016-09-14,36552.102,25102.801,4194.4,287204,22337,747,1.40415,2.06376,4.0,7,4,1,93,9
26289144,滚蛋吧！肿瘤君,2015-08-13,51044.5,18515.6,4046.7,99111,106002,1854,3.65516,3.89041,7.4,5,6,1,128,7
26290365,恶棍天使,2015-12-24,64853.898,50869.199,15242.5,511658,43342,962,1.03376,2.01365,4.3,2,3,1,124,6
26309788,金刚：骷髅岛,2017-03-24,115891.602,50105.699,15064.0,85314,65339,1178,1.57443,3.33673,6.5,7,4,0,119,9
26311973,唐人街探案,2015-12-31,82333.602,39792.398,9186.5,142841,185008,1882,2.68216,3.85235,7.7,8,3,1,135,11
26322792,北京遇上西雅图之不二情书,2016-04-29,78537.602,35500.5,11024.7,307383,76549,2247,3.02946,3.16554,6.4,5,7,1,131,5
26325320,血战钢锯岭,2016-12-08,42581.898,11765.5,1758.1,32064,171052,4048,3.59343,3.79264,8.7,5,4,0,139,3
26334559,澳门风云3,2016-02-08,111639.797,79158.398,17605.199,528350,41533,417,1.19708,2.17288,4.3,5,12,1,112,10
26336252,碟中谍6：全面瓦解,2018-08-31,124523.0,53082.102,16823.4,242120,141476,971,3.52139,4.05743,8.1,6,13,0,147,5
26336253,使徒行者,2016-08-11,60538.398,24044.6,5700.4,165123,57328,731,2.22304,3.55743,6.9,9,7,0,109,8
26342391,紧急救援,2020-12-18,48525.398,23554.699,6982.2,651545,33792,749,2.83674,2.77703,6.2,4,6,1,134,5
26354336,爵迹,2016-09-30,38252.0,19794.699,5872.4,394616,58762,1408,1.12232,2.40134,3.9,3,6,1,121,7
26363254,战狼2,2017-07-27,569361.0,99680.0,10211.8,411940,287084,9643,2.67619,2.9798,7.1,5,10,1,123,9
26366465,我的少女时代,2015-11-19,35893.102,10728.4,2068.9,54553,161653,3439,3.38397,3.82333,7.8,5,3,1,134,3
26366496,邪不压正,2018-07-13,58351.699,31540.301,12217.8,215617,201364,4526,2.20625,3.58562,7.0,8,8,1,137,10
26374197,蜘蛛侠：平行宇宙,2018-12-21,42753.199,17948.199,4402.6,105401,154400,979,4.38823,4.18213,8.6,9,10,0,116,1
26378579,王牌特工2：黄金圈,2017-10-20,47427.5,26370.4,7831.4,244337,96483,1185,2.51985,3.21622,6.9,7,7,0,141,3
26387939,摔跤吧！爸爸,2017-05-05,129932.0,8684.9,1576.5,27412,304647,8401,3.44731,4.37037,9.0,5,4,0,161,3
26389069,铁道飞虎,2016-12-23,69929.102,21707.6,5276.4,58366,29948,912,2.30127,3.29054,5.2,5,4,1,124,8
26389696,大闹天竺,2017-01-28,75611.398,31173.1,18795.6,241535,40868,982,1.65871,2.47492,3.7,7,9,1,100,9
26394152,大黄蜂,2019-01-04,114972.898,40559.898,11102.0,169967,110363,1301,2.22455,3.30537,7.0,8,12,0,114,0
26416062,侏罗纪世界2,2018-06-15,169590.703,73436.5,20246.0,621367,104608,1241,2.3451,3.22222,6.7,8,10,0,128,4
26421030,百团大战,2015-08-28,40809.898,13484.8,3733.8,18196,6369,117,1.86224,3.09375,5.3,2,6,1,111,2
26425063,无双,2018-09-30,127378.203,5482.4,5481.9,125425,247230,3007,3.00379,3.41137,8.1,12,5,1,130,8
26425068,追龙,2017-09-30,57725.602,9520.2,4051.8,41536,83279,1132,2.34257,3.52218,7.2,6,4,0,128,6
26426194,巨齿鲨,2018-08-10,105373.203,34784.602,10663.1,410200,62798,768,1.95888,2.83,5.7,7,8,0,115,6
26430636,狂暴巨兽,2018-04-13,100396.398,35025.199,9459.2,160742,45200,496,2.44899,3.4898,6.4,8,5,0,107,5
26575103,捉妖记2,2018-02-16,223721.297,120446.297,54685.898,668983,110553,1276,2.15574,2.50877,5.0,8,13,1,110,7
26586766,勇敢者游戏：决战丛林,2018-01-12,49196.199,25835.199,7442.0,101214,53346,492,3.52418,3.81633,6.8,9,13,0,119,3
26606743,嫌疑人x的献身,2017-03-31,40185.602,16045.6,4647.9,96194,91417,4146,1.74988,3.34228,6.3,9,6,1,112,4
26630781,我不是潘金莲,2016-11-18,48279.398,20547.6,7027.3,185572,79528,3608,2.00658,3.39394,6.7,5,4,1,140,7
26636712,蚁人2：黄蜂女现身,2018-08-24,83156.297,46499.5,15449.2,319327,114666,482,3.91897,3.70205,7.3,8,13,0,118,1
26661193,我在时间尽头等你,2020-08-25,50540.898,42074.801,27820.301,642546,20048,486,2.30671,2.09764,5.5,5,9,1,115,2
26662193,前任3：再见前任,2017-12-29,194188.703,28359.1,6449.2,250058,130215,4933,2.03028,2.77104,5.5,5,4,1,120,4
26667010,X战警：黑凤凰,2019-06-06,40924.398,30886.199,8019.5,307488,75792,854,2.36439,2.4898,5.8,8,10,0,114,3
26683290,你的名字。,2016-12-02,57571.301,28656.6,7632.4,277114,304598,6166,3.37297,4.37584,8.4,7,6,0,106,6
26683723,后来的我们,2018-04-28,136154.094,56241.699,28556.6,911022,128539,5373,2.60229,2.81419,5.9,6,5,1,120,6
26698897,唐人街探案2,2018-02-16,339775.906,99047.703,34076.301,463427,250839,4030,2.26582,2.75086,6.6,8,13,1,121,9
26748673,拆弹专家,2017-04-28,40054.898,18168.801,4743.8,49007,42675,804,2.5402,2.97643,6.3,9,4,1,120,4
26752088,我不是药神,2018-07-05,310001.688,123811.5,15972.7,164738,513425,16935,3.32436,4.18118,9.0,5,8,1,117,9
26754233,八佰,2020-08-21,311073.688,63918.602,14167.7,518898,205870,5602,2.78798,3.0931,7.6,5,9,1,147,6
26774033,幕后玩家,2018-04-28,35861.301,9514.7,4366.9,69050,53901,847,2.71074,2.87919,5.7,9,5,1,114,7
26794435,哪吒之魔童降世,2019-07-26,503539.688,66506.797,14449.8,172113,580111,13672,3.27372,3.63087,8.4,8,8,1,110,5
26804147,摩天营救,2018-07-20,66980.898,32922.301,9067.3,118066,47528,441,2.67436,3.32993,6.3,6,8,0,102,3
26826330,刺杀小说家,2021-02-12,81224.602,31399.4,13738.5,500948,158400,3384,3.34619,3.68792,7.0,7,11,1,130,6
26826398,杀破狼·贪狼,2017-08-17,52291.102,28012.301,6323.5,184885,50088,1212,3.16379,3.74061,7.1,6,7,0,101,6
26831711,熊出没·奇幻空间,2017-01-28,52113.5,10119.9,5195.0,29669,4784,202,3.67923,3.9433,6.4,2,9,1,90,1
26835471,大侦探皮卡丘,2019-05-10,64069.801,27822.5,7642.2,280645,127544,681,2.66071,3.28136,6.5,7,7,0,104,2
26861685,红海行动,2018-02-16,365094.906,46500.301,12951.1,162042,275863,6048,3.49822,4.14726,8.3,5,10,1,138,6
26862259,乘风破浪,2017-01-28,104604.602,12921.3,6773.8,49770,168602,4647,1.78539,3.35,6.8,5,9,1,102,9
26862829,芳华,2017-12-15,142298.797,29432.301,7612.5,163381,234628,11926,2.57754,3.69831,7.6,5,4,1,136,4
26879060,情圣,2016-12-30,65790.398,17207.1,3409.5,37660,47774,1007,2.33703,3.33445,6.0,2,4,1,116,4
26884354,狮子王,2019-07-12,83386.297,37541.898,9699.0,191819,108678,1359,3.40789,3.33108,7.4,6,10,0,118,3
26885074,叶问4：完结篇,2019-12-20,118167.797,32885.102,9752.5,295118,77604,1367,2.82047,3.00337,6.9,6,8,0,107,2
26891256,阿拉丁,2019-05-24,36816.801,12951.8,2814.2,48343,94522,963,3.54278,3.70903,7.5,7,5,0,128,5
26925317,动物世界,2018-06-29,50966.801,23307.699,7631.6,194088,171774,4305,2.7699,3.39661,7.2,8,5,1,132,10
26926321,缝纫机乐队,2017-09-29,45936.0,7514.7,3776.1,56937,102043,2230,3.22195,3.58983,6.6,2,4,1,117,5
26931786,蜘蛛侠：英雄远征,2019-06-28,141767.906,67735.898,22552.9,502087,164604,1777,4.07462,3.43051,7.7,8,10,0,127,5
26942674,神秘巨星,2018-01-19,74707.602,17514.199,4366.7,46908,124841,4013,3.48718,3.54915,7.7,3,10,0,150,3
26966580,妖铃铃,2017-12-29,36315.801,25104.199,9074.7,128961,42816,518,2.09527,2.59011,4.2,3,4,1,88,9
26985127,一出好戏,2018-08-10,135506.297,53455.301,15179.9,411582,252350,5868,2.78909,3.20736,7.1,5,8,1,134,11
26996640,反贪风暴3,2018-09-14,44299.898,20464.6,7364.2,238568,29966,282,1.81203,3.27138,5.7,9,8,0,97,3
27038183,羞羞的铁拳,2017-09-30,221364.797,31082.9,13297.6,284299,195024,1997,3.51177,3.22559,6.8,4,4,1,100,6
27060077,绿皮书,2019-03-01,47871.801,11501.5,2537.7,40834,352158,6457,3.61222,4.24662,8.9,5,5,0,130,0
27092785,李茶的姑妈,2018-09-30,60438.199,10664.8,10662.8,163719,90483,957,2.29924,2.64286,4.7,2,5,1,113,0
27102569,悲伤逆流成河,2018-09-21,35742.199,7834.9,1277.4,77690,75957,2568,1.66094,2.62457,5.9,6,5,1,104,2
27109633,终结者：黑暗命运,2019-11-01,35530.5,19764.9,6386.9,149017,48327,1471,3.03957,3.36934,6.9,8,7,0,128,1
27110296,无名之辈,2018-11-16,79451.602,6706.6,919.5,15666,273197,6359,3.19515,3.7661,8.1,5,5,1,108,5
27133303,超时空同居,2018-05-18,90307.203,23538.5,5012.0,132125,149728,1989,3.30622,3.4678,6.8,7,5,1,101,6
27163278,速度与激情：特别行动,2019-08-23,143464.594,71295.203,24905.0,634471,71084,1004,2.61218,3.3986,6.3,6,13,0,137,6
27176717,熊出没·变形记,2018-02-16,60551.5,20858.0,7612.8,112979,5312,162,3.90354,4.06164,6.8,5,13,1,89,0
27202819,反贪风暴4,2019-04-04,79904.5,35477.102,7968.8,161080,43863,426,2.07576,3.39661,6.0,6,8,0,96,3
27605698,西虹市首富,2018-07-27,254765.797,90351.203,22713.4,339761,276125,3705,2.58321,2.89831,6.6,2,8,1,118,3
27619748,唐人街探案3,2021-02-12,418705.594,257842.594,101084.102,4468547,361543,7237,1.20076,2.13993,5.6,5,14,1,136,11
27624661,比悲伤更悲伤的故事,2019-03-14,95842.898,33361.398,1982.8,61693,62773,1562,2.20817,2.6633,4.8,3,5,1,106,2
27663742,老师·好,2019-03-22,35566.602,8077.0,1691.8,47570,76516,1346,2.44987,3.19661,6.7,3,5,1,111,2
2973079,霍比特人3：五军之战,2015-01-23,76128.297,31248.6,9009.4,92211,82189,777,2.94646,4.14626,8.5,7,13,0,144,7
3011235,哈利·波特与死亡圣器（下）,2011-08-04,40215.102,19159.9,3960.4,21,134012,2171,3.5617,4.45238,8.9,4,9,0,130,7
30122633,快把我哥带走,2018-08-17,37531.5,12204.8,4968.0,171988,117763,1587,3.03236,3.14966,6.9,4,8,1,115,7
30128916,夺冠,2020-09-25,83650.703,16909.199,5532.7,513671,78137,1403,2.74556,3.14966,7.3,3,6,1,135,11
30163509,飞驰人生,2019-02-05,172823.703,105386.703,32194.9,382360,262721,4071,2.19134,3.47987,6.9,2,10,1,98,8
30166972,少年的你,2019-10-25,155822.703,58858.301,14990.5,1056702,447397,14978,3.6369,3.97643,8.3,9,5,1,135,7
30170448,何以为家,2019-04-29,37684.301,17036.0,1246.3,122484,228733,4407,3.70424,3.76094,9.1,3,5,0,126,2
30171424,拆弹专家2,2020-12-24,131326.703,42033.398,7902.6,310427,152431,2145,3.09952,2.94158,7.7,6,9,1,121,6
30171425,扫毒2天地对决,2019-07-05,131287.297,43851.0,13456.5,320805,71122,1113,2.44341,3.0777,6.0,12,11,1,99,6
30176393,误杀,2019-12-13,133309.5,20387.199,4685.1,55450,226559,3364,2.60863,3.11684,7.7,9,5,1,112,1
30221757,烈火英雄,2019-08-01,170669.297,51745.801,12229.8,164442,100609,2910,2.56169,2.74237,6.5,4,8,1,120,2
3025375,奇异博士,2016-11-04,75019.602,29986.1,8150.4,205273,153033,1282,3.63056,3.62416,7.6,7,6,0,115,6
30282387,银河补习班,2019-07-18,87830.602,35736.301,6471.2,221884,112887,4221,1.7674,2.78716,6.3,3,8,1,147,6
30295905,中国机长,2019-09-30,291238.188,176637.297,20928.199,561040,223590,2388,1.65433,2.59386,6.7,4,5,1,111,4
30331149,白蛇：缘起,2019-01-11,46861.602,4231.7,1028.4,70782,213679,3084,3.86826,3.34797,7.9,6,10,1,99,1
30335059,熊出没·原始时代,2019-02-05,71740.297,42495.102,7407.1,91834,7342,152,3.7534,3.7029,6.6,5,10,1,92,0
30373723,除暴,2020-11-20,53818.0,19763.4,5137.1,76513,62597,758,3.1849,2.51689,6.3,9,6,0,95,4
30377703,来电狂响,2018-12-28,64139.199,16945.699,1792.0,70498,81476,1138,2.35593,3.08696,5.8,5,5,1,103,10
30413052,攀登者,2019-09-30,110284.602,73087.0,16897.9,558579,103618,1953,1.77555,2.60333,6.1,8,5,1,125,7
30423193,使徒行者2：谍影行动,2019-08-07,70217.797,43291.699,17481.1,368245,64152,690,2.7631,3.2709,6.3,9,11,0,98,8
30444960,信条,2020-09-04,45623.398,20524.6,5706.3,61210,184246,3230,2.59915,3.35192,7.7,9,6,0,150,6
3068206,碟中谍4,2012-01-28,67211.102,10215.9,5458.2,49,102058,789,3.35324,4.05034,8.3,6,12,0,133,8
3077412,寻龙诀,2015-12-18,167988.0,59972.699,16130.0,559237,167447,2155,1.51032,3.67918,7.4,10,3,1,125,7
3168101,毒液：致命守护者,2018-11-09,187065.406,76678.102,22338.5,393571,217036,1585,2.31263,3.24573,7.2,7,7,0,112,5
3217149,忍者神龟：变种时代,2014-10-31,38736.398,16692.301,4548.8,58789,29557,169,2.32833,3.22152,6.5,10,5,0,101,4
3227410,加勒比海盗4：惊涛怪浪,2011-05-20,46424.602,15109.4,4657.4,62,79220,953,2.45623,3.49662,7.7,7,6,0,136,4
3230115,极限特工：终极回归,2017-02-10,112517.203,43432.301,14313.6,131897,37295,683,2.46031,3.10702,5.6,5,9,0,107,5
3231742,钢铁侠3,2013-05-01,75485.898,40415.301,10922.7,20294,109781,760,3.41058,3.67568,7.8,6,7,0,134,4
3233635,功夫熊猫2,2011-05-28,61174.602,11589.0,5344.6,62,84251,988,3.76863,4.05,8.0,8,6,0,91,4
32659890,我和我的祖国,2019-09-30,316977.5,208693.703,29024.699,578308,278987,3723,3.00282,3.02098,7.7,3,5,1,155,8
3338862,终结者：创世纪,2015-08-23,72240.297,16759.699,15389.4,380919,38465,400,2.27826,3.59091,6.9,8,11,0,126,5
33417046,宠爱,2019-12-31,68362.297,43698.301,17230.6,294938,82936,968,2.3271,2.73064,6.0,8,5,1,108,6
3445906,古墓丽影：源起之战,2018-03-16,49748.102,26274.4,7677.7,153830,46080,809,1.96308,2.86207,6.0,5,7,0,118,4
34779692,新神榜：哪吒重生,2021-02-12,36080.199,13301.0,5131.0,266547,39203,1123,3.28518,3.10774,7.3,6,11,1,116,1
34825886,熊出没·狂野大陆,2021-02-12,53329.398,21364.9,7264.7,390157,8682,214,3.7915,2.91667,6.6,6,11,1,99,0
34841067,你好，李焕英,2021-02-12,446618.188,104935.5,29137.5,1162302,371820,7764,3.65072,2.88514,8.1,7,11,1,128,9
34869362,温暖的抱抱,2020-12-31,86393.203,52353.602,19442.6,329829,52534,904,2.26562,2.47,5.5,2,6,1,112,8
34880302,人潮汹涌,2021-02-12,36097.602,7850.5,4320.2,246956,75596,1436,2.42328,2.80272,7.1,5,11,1,119,6
34894753,沐浴之王,2020-12-11,40498.602,18797.4,4768.1,91202,76309,623,2.42597,2.48148,6.2,2,6,1,103,6
35051512,我和我的家乡,2020-10-01,282973.094,108069.297,27501.5,442858,113801,1584,2.90254,2.85764,7.3,5,11,1,153,11
35096844,送你一朵小红花,2020-12-31,143211.906,76162.102,23670.5,708308,206056,5405,2.98661,3.34014,7.5,3,6,1,128,5
35155748,金刚川,2020-10-23,112297.398,35868.602,10467.0,123315,0,1352,2.16723,2.62876,6.5,5,6,1,122,7
3541415,盗梦空间,2010-09-01,49620.199,3384.2,3384.2,25892,374338,6262,3.44665,4.48797,9.3,11,2,0,148,10
3596502,唐山大地震,2010-07-22,64999.699,,,60,88204,2959,2.6265,3.27797,7.8,4,3,1,139,8
3606973,地心历险记2：神秘岛,2012-02-10,38646.102,10033.0,2754.5,68,22393,242,2.5285,3.15126,6.4,8,10,0,94,6
3610047,变形金刚3,2011-07-21,107095.398,41222.602,8471.5,539,81932,1583,1.24207,3.22483,7.2,6,9,0,154,4
3642835,黑衣人3,2012-05-25,50345.199,14986.7,4043.6,170,66082,529,3.32506,3.68919,7.7,8,7,0,103,9
3649049,金陵十三钗,2011-12-15,59213.898,14360.0,1740.8,82,149642,5843,2.45293,3.35593,8.2,5,1,1,145,7
3742360,让子弹飞,2010-12-16,63674.5,,,56,279761,5145,2.7799,4.30034,8.9,8,0,1,132,12
3793783,地心引力,2013-11-19,43549.0,22265.9,2887.9,8743,115354,1687,3.0927,3.92568,7.9,5,2,0,91,5
3878007,海王,2018-12-07,201307.406,65211.301,15681.6,250996,267303,2867,2.93278,3.15932,7.6,7,7,0,143,5
3993588,狼图腾,2015-02-19,69994.703,14755.9,3278.4,49059,62863,1265,2.36268,3.48951,6.9,5,10,1,121,7
4212172,十二生肖,2012-12-20,88175.797,22352.699,4404.5,20471,72128,767,3.21966,3.34343,6.7,7,2,0,122,7
4218768,画皮2,2012-06-28,70202.102,28370.9,6715.2,168,74955,1820,1.94443,3.27852,6.0,9,5,1,135,7
4271894,非诚勿扰2,2010-12-22,47159.102,,,52,79791,2154,2.02771,3.36207,6.5,5,3,1,122,11
4746257,明日边缘,2014-06-06,40630.5,16097.2,4119.9,15804,103709,1004,3.13393,4.2551,8.1,6,3,0,114,4
4811813,独立日：卷土重来,2016-06-24,50219.0,23993.699,7145.3,164747,34995,583,1.29058,2.75338,5.7,8,4,0,120,3
4824512,驯龙高手2,2014-08-14,40289.699,16656.5,3503.8,44252,59957,355,3.30494,3.85467,8.0,5,11,0,102,3
4840388,新喜剧之王,2019-02-05,62751.699,53614.301,27389.199,332957,143104,4602,2.43981,4.01356,5.7,5,13,1,91,8
4864908,影,2018-09-30,62898.801,6623.1,6615.6,235987,178972,4238,1.95217,3.39519,7.2,8,5,1,116,9
4896304,龙门飞甲,2011-12-15,53991.801,13422.6,1990.9,143,85466,1906,,3.43434,6.8,8,1,1,122,10
4914468,冰川时代4,2012-07-27,44740.699,12367.9,3441.5,759,51445,331,3.80969,3.98649,8.1,5,10,0,88,0
4920389,头号玩家,2018-03-30,139667.703,39068.0,8569.0,104974,321435,6166,3.11878,4.12587,8.6,8,5,0,140,3
5045678,大鱼海棠,2016-07-08,57377.602,22719.4,7200.8,229819,176663,9468,2.97207,3.45118,6.9,6,7,1,105,6
5308265,西游·降魔篇,2013-02-10,124695.398,8365.7,8300.1,17680,158330,4122,3.33599,3.72819,7.1,6,7,1,110,11
5317291,西游记之大闹天宫,2014-01-31,104498.703,32128.801,12887.7,25043,36713,910,2.62758,2.00676,4.3,5,8,1,119,8
5323968,环太平洋,2013-07-31,69539.5,28571.1,5407.1,11487,125504,1331,2.67656,3.74161,7.7,8,5,0,131,0
5327268,荒野猎人,2016-03-18,37673.0,20879.199,6383.0,125627,100334,1427,2.65038,4.09764,8.0,8,4,0,156,6
5350027,妖猫传,2017-12-22,53025.602,24327.199,7425.8,218729,245048,7775,2.03383,3.53242,6.9,9,4,1,129,5
5996801,狄仁杰之神都龙王,2013-09-28,60058.898,9488.8,5523.6,8022,60433,733,1.87181,3.32082,6.5,7,2,1,133,7
6011805,一九四二,2012-11-29,37106.699,13717.8,2555.4,3826,71099,2623,2.23742,3.56463,7.9,6,2,0,146,11
6082518,超凡蜘蛛侠2,2014-05-04,58538.301,6146.5,5736.3,30601,61230,554,3.38763,3.77133,7.5,8,8,0,142,7
6126442,一步之遥,2014-12-18,51375.5,34397.102,8159.3,76069,90506,3070,1.77671,3.68151,6.5,8,3,1,140,11
6311303,加勒比海盗5：死无对证,2017-05-26,118007.297,46887.102,13323.1,518761,92719,1258,3.14646,3.54054,7.2,7,9,0,129,3
6390823,美国队长2,2014-04-04,71897.602,24497.5,5956.2,22298,109016,547,4.06224,4.17347,8.0,8,8,0,136,9
6390825,黑豹,2018-03-09,66259.703,42295.199,13177.0,283239,129090,1667,3.20959,3.17406,6.5,8,5,0,134,6
6537500,速度与激情6,2013-07-26,41372.5,18471.0,5447.0,21167,62226,379,2.66005,3.95932,7.8,7,8,0,130,9
6873143,一条狗的使命,2017-03-03,60777.5,11976.8,2449.2,44007,104415,1911,3.36285,3.46622,7.7,7,4,0,101,3
6873736,愤怒的小鸟,2016-05-20,51297.199,19741.199,5350.0,123045,31838,286,3.1528,3.65818,7.2,5,4,0,97,0
6874741,无问西东,2018-01-12,75431.398,13887.8,3552.6,57208,215605,9523,2.73173,3.74915,7.6,8,10,1,138,7
6875263,灰姑娘,2015-03-13,44397.398,15763.7,3515.3,75385,63664,736,3.00434,3.33446,6.9,7,3,0,106,4
6973376,致我们终将逝去的青春,2013-04-26,71902.297,14557.4,4778.6,20952,157104,7312,1.69644,3.07071,6.5,6,2,1,132,5
6982558,长城,2016-12-16,117311.0,47135.5,12357.1,242315,141959,5538,0.759548,2.6443,4.9,7,4,0,104,8
7046723,猩球崛起2：黎明之战,2014-08-29,70731.5,28841.6,8897.9,78488,62920,688,2.87474,3.85959,7.6,9,9,0,130,3
7054604,变形金刚4：绝迹重生,2014-06-27,197652.406,63171.199,17440.9,113801,84569,908,1.02018,3.14189,6.6,6,8,0,166,6
7065154,银河护卫队,2014-10-10,59640.102,19248.301,4608.0,51623,127534,527,3.66565,3.92617,8.1,8,3,0,121,9
